grid,L2
0.01,0.455904664371E-04
0.00769231,0.124903843056E-04
0.005,0.193117171169E-05
0.00333333,0.364191411803E-06
0.0025,0.113471259078E-06
0.002,0.461435330794E-07
0.00166667,0.221611003334E-07
0.00142857,0.119294723282E-07
0.00125,0.697889018656E-08
0.00111111,0.434999374962E-08
0.001,0.285024799632E-08
