grid,L2
0.01,0.949766875955E-03
0.00769231,0.664862891839E-03
0.005,0.276621080462E-03
0.00333333,0.620872117074E-04
0.0025,0.143623868632E-04
0.002,0.444158944421E-05
0.00166667,0.182322163939E-05
0.00142857,0.902669426780E-06
0.00125,0.503408494672E-06
0.00111111,0.304568328206E-06
0.001,0.195647926275E-06
