grid,L2
0.01,0.642303417625E-03
0.00769231,0.419109318339E-03
0.005,0.176230723511E-03
0.00333333,0.439510623373E-04
0.0025,0.117806664188E-04
0.002,0.397171493272E-05
0.00166667,0.168188612579E-05
0.00142857,0.840872761378E-06
0.00125,0.470718268849E-06
0.00111111,0.285377618257E-06
0.001,0.183590753549E-06
